index;code;country;gamma;GDPSH60;LIFEE060;P60; safrica ; laam; bmp1 ; BMS6087; GDC6089; STDC6089; PI6089; STPI6089; SCOUT; area ; freeop; freetar; dpop6090; pyr60; syr60; hyr60; human60; s60; h60 ; YrsOpen; ggcfd3; gvxdxe52; geerec1; gde1; assassp2; revcoup; pinstab2; wardum; prightsb; civlibb; ABSLATIT; FRAC; DEMOC65; PRIEXP70; RULELAW; URB60; RERD; EQINV; NONEQINV; humanyl ; tot1; work60l; lly1; BRIT; FRENCH; SPAIN; BUDDHA; CATH; CONFUC; HINDU; JEW; MUSLIM; PROT; lforce60; Mining; EcOrg; OthFrac; EngFrac
1;DZA;Algeria;0,01;7,44;47,30;0,46;0,00;0,00;0,13;186,56;21,07;13,30;8,06;10,18;1,00;2382,00;0,22;0,03;0,03;0,74;0,10;0,01;0,85;0,08;0,00;0,00;0,23;0,06;0,03;0,03;0,00;0,12;0,17;0,00;5,83;5,89;36,72;0,43;0,27;0,93;0,33;0,30;190,00;0,05;0,19;6,32;-0,01;-1,33;;0,00;1,00;0,00;0,00;0,00;0,00;0,00;0,00;0,99;0,00;2855,52;0,20;0,00;0,84;0,00
2;AGO;Angola;0,00;6,79;;0,21;1,00;0,00;0,28;239,61;;;9,46;10,53;0,00;1247,00;0,15;0,01;0,02;;;;;0,02;0,00;0,00;;;;;;0,70;;1,00;6,72;6,61;8,84;0,78;0,12;;0,33;0,10;172,00;0,01;0,05;;-0,01;-0,73;;0,00;0,00;0,00;0,00;0,38;0,00;0,00;0,00;0,00;0,15;2319,39;0,27;0,00;0,00;0,00
3;BEN;Benin;-0,01;7,02;38,90;0,27;1,00;0,00;0,05;4,49;;;6,35;4,86;0,00;113,00;0,22;0,05;0,02;;0,07;0,01;;0,02;0,00;0,11;0,02;0,20;0,02;0,02;;0,10;;0,00;7,00;6,39;6,36;0,62;0,25;0,90;;0,09;126,00;0,01;0,10;;0,02;-0,49;;0,00;1,00;0,00;0,00;0,07;0,00;0,00;0,00;0,15;0,08;1372,62;0,01;0,00;0,00;0,00
4;BWA;Botswana;0,06;6,28;45,70;0,42;1,00;0,00;0,07;23,39;;;7,86;8,21;0,00;582,00;;;0,03;1,17;0,09;0,01;1,27;0,01;0,00;0,36;0,08;;0,03;;0,00;0,00;0,00;0,00;2,06;3,00;21,54;0,51;;0,75;0,83;0,02;131,00;0,13;0,15;7,99;;-0,82;;1,00;0,00;0,00;0,00;0,25;0,00;0,00;0,00;0,00;0,25;210,92;0,53;5,00;0,00;0,00
5;HVO;Burkina Faso;0,00;6,15;36,30;0,08;1,00;0,00;0,05;4,49;;;4,93;5,60;0,00;274,00;;;0,02;;;;;0,01;;0,00;0,10;0,05;0,02;0,02;0,00;0,41;0,10;0,00;5,50;4,89;12,05;0,68;0,07;0,96;0,50;0,05;130,00;;;;0,07;;;0,00;1,00;0,00;0,00;0,10;0,00;0,00;0,00;0,25;0,00;;0,00;1,00;0,00;0,00
6;BDI;Burundi;0,00;6,38;41,80;0,18;1,00;0,00;0,00;20,79;24,13;40,70;5,80;9,46;0,00;28,00;0,25;0,05;0,02;;;;;0,01;0,00;0,00;0,03;0,05;0,02;0,01;0,00;0,39;0,17;1,00;6,83;6,17;3,37;0,04;0,58;0,98;;0,02;167,00;0,01;0,04;;;-0,51;;0,00;0,00;0,00;0,00;0,62;0,00;0,00;0,00;0,01;0,05;1776,17;0,01;4,00;0,00;0,00
7;CMR;Cameroon;0,01;6,55;43,40;0,65;1,00;0,00;0,05;4,47;17,44;13,58;7,12;5,84;1,00;475,00;0,20;0,05;0,03;;0,30;0,01;;0,02;0,00;0,16;0,04;0,12;0,02;0,02;0,00;0,08;0,00;0,00;6,06;5,56;10,73;0,89;0,56;0,92;0,50;0,14;187,00;0,00;0,13;;-0,04;-0,72;0,13;0,00;1,00;0,00;0,00;0,16;0,00;0,00;0,00;0,16;0,17;2587,05;0,09;5,00;0,01;0,00
8;CPV;Cape verde;0,03;6,19;;;1,00;0,00;;;;;;;;;;;0,02;;;;;;;0,13;;;;;;;;;5,61;5,94;15,09;;;0,88;;;;;;;;-1,06;;0,00;0,00;0,00;;;;;;;;67,66;0,01;1,00;0,70;0,00
9;CAF;Cent'l Afr Rep;-0,01;6,49;39,30;0,32;1,00;0,00;0,05;4,48;11,12;14,81;7,64;7,00;0,00;623,00;0,19;0,04;0,02;;0,11;0,01;;0,01;0,00;0,00;0,06;0,27;0,02;0,01;0,00;0,39;0,20;0,00;6,83;6,22;4,33;0,83;0,34;0,56;;0,23;156,00;;;;-0,02;-0,50;;0,00;1,00;0,00;0,00;0,25;0,00;0,00;0,00;0,15;0,25;926,08;0,03;3,00;0,00;0,00
10;TCD;Chad;-0,02;6,50;34,90;0,17;1,00;0,00;0,05;4,48;12,68;19,10;5,68;9,14;0,00;1284,00;;;0,02;;;;;;0,00;0,00;;0,25;0,01;0,01;0,00;0,67;0,10;1,00;6,56;6,50;10,38;0,69;0,48;0,95;;0,07;142,00;;;;-0,01;-0,93;0,12;0,00;1,00;0,00;0,00;0,16;0,00;0,00;0,00;0,44;0,17;1203,23;0,00;5,00;0,30;0,00
11;COM;Comoros;0,00;6,25;;;1,00;0,00;;;;;;;;;;;0,03;;;;;;;0,36;;;;;;;;;4,56;4,28;11,67;;;;;;;;;;;;;0,00;1,00;0,00;0,00;0,14;0,00;0,00;0,00;0,86;0,00;;0,08;5,00;0,00;0,00
12;COG;Congo;0,02;6,97;47,30;0,78;1,00;0,00;0,05;4,48;14,52;21,38;6,00;9,60;1,00;342,00;0,20;0,04;0,03;;0,62;0,11;;0,04;0,00;0,00;0,04;0,24;0,03;0,03;0,19;0,36;0,39;0,00;6,56;6,17;3,68;0,66;0,46;0,71;0,33;0,29;191,00;0,05;0,24;;0,00;-0,77;0,21;0,00;1,00;0,00;0,00;0,25;0,00;0,00;0,00;0,02;0,25;455,57;0,17;1,00;0,00;0,00
13;EGY;Egypt;0,03;6,65;46,40;0,66;0,00;0,00;0,75;41,38;19,13;12,75;8,27;7,01;1,00;1001,00;0,18;0,02;0,02;;;0,03;;0,16;0,05;0,00;0,01;0,15;0,05;0,06;0,01;0,16;0,10;1,00;5,11;4,56;30,00;0,04;0,39;0,73;0,17;0,38;168,00;;;;0,00;-1,24;0,37;1,00;0,00;0,00;0,00;0,00;0,00;0,00;0,00;0,94;0,00;7532,93;0,03;1,00;0,97;0,00
14;ETH;Ethiopia;0,00;5,52;42,20;0,07;1,00;0,00;0,16;70,02;15,66;9,27;2,66;3,47;0,00;1222,00;0,15;0,03;0,02;;;;;;0,00;0,00;0,01;0,11;0,01;0,02;0,00;0,72;0,00;1,00;6,67;6,61;9,01;0,69;0,13;0,98;0,50;0,06;98,00;0,01;0,05;;0,00;-0,67;0,11;0,00;0,00;0,00;0,00;0,00;0,00;0,00;0,00;0,42;0,00;12378,53;0,00;0,00;0,00;0,00
15;GAB;Gabon;0,02;7,49;40,90;1,00;1,00;0,00;;1,48;20,91;28,41;9,00;14,60;0,00;268,00;;;0,03;;;;;0,05;0,00;0,00;0,13;0,04;0,02;0,01;0,00;0,12;0,00;0,00;6,00;6,00;0,37;0,69;0,45;0,91;0,33;0,17;169,00;;;;0,01;-0,05;0,17;0,00;1,00;0,00;0,00;0,32;0,00;0,00;0,00;0,00;0,33;463,69;0,22;5,00;0,06;0,00
16;GMB;Gambia;0,01;6,20;32,30;0,12;1,00;0,00;;;20,70;36,71;8,15;9,72;0,00;11,00;;;0,03;;0,21;0,01;;0,03;0,00;0,22;0,01;;0,02;;0,00;0,05;0,00;0,00;2,44;2,72;13,26;0,73;;1,00;0,67;0,12;150,00;;;;0,00;-0,64;;1,00;0,00;0,00;0,00;0,04;0,00;0,00;0,00;0,90;0,05;186,42;0,00;5,00;0,00;0,00
17;GHA;Ghana;0,00;6,77;45,20;0,38;1,00;0,00;0,35;588,63;23,70;63,80;28,82;27,58;0,00;239,00;0,20;0,06;0,03;0,56;0,11;0,03;0,69;0,05;0,00;0,22;0,02;0,08;0,03;0,02;0,00;0,55;0,20;0,00;5,89;5,00;6,69;0,71;0,24;0,99;0,17;0,23;248,00;0,00;0,09;4,67;-0,08;-0,83;0,20;1,00;0,00;0,00;0,00;0,12;0,00;0,00;0,00;0,30;0,12;2941,27;0,02;3,00;0,00;0,00
18;GIN;Guinea;;5,96;;;1,00;0,00;;;;;;;;36,00;0,27;0,01;0,02;;;;;;0,00;0,20;;;;0,03;0,00;0,16;0,10;;7,00;6,50;11,67;0,75;0,37;;0,50;0,10;;0,01;0,10;;;-0,71;;0,00;1,00;0,00;0,00;0,04;0,00;0,00;0,00;0,85;0,04;1538,52;0,08;5,00;0,00;0,00
19;GNB;Guinea-Bissau;0,01;6,18;34,80;0,25;1,00;0,00;;;;;27,90;31,13;0,00;;;;0,02;;0,02;0,01;;0,03;0,00;0,18;;;;;;0,31;;0,00;6,11;6,17;12,26;;;0,99;0,17;;190,00;;;;;;;0,00;0,00;0,00;0,00;0,02;0,00;0,00;0,00;0,30;0,03;;0,00;1,00;0,00;0,00
20;CIV;Cote d'Ivoire;0,00;6,88;39,50;;1,00;0,00;0,05;4,48;16,08;14,44;6,02;9,69;1,00;322,00;;;0,04;;;;;;;0,00;0,03;0,06;0,04;0,01;0,00;0,00;0,00;0,00;5,83;5,22;5,50;0,86;0,46;0,94;0,50;0,19;185,00;0,02;0,10;;-0,02;-0,62;;0,00;1,00;0,00;0,00;0,06;0,00;0,00;0,00;0,25;0,06;2052,22;0,03;5,00;0,00;0,00
21;KEN;Kenya;0,01;6,46;45,00;0,47;1,00;0,00;0,01;12,45;20,18;10,52;6,92;6,54;1,00;580,00;0,17;0,04;0,04;1,04;0,11;0,01;1,16;0,02;0,00;0,04;0,04;0,13;0,04;0,00;0,03;0,05;0,01;0,00;5,33;4,83;0,51;0,83;0,58;0,87;0,33;0,07;131,00;0,03;0,15;7,51;-0,02;-0,81;;1,00;0,00;0,00;0,00;0,28;0,00;0,00;0,00;0,06;0,38;3712,74;0,00;5,00;0,00;0,00
22;LSO;Lesotho;0,04;5,66;47,70;0,83;1,00;0,00;0,07;7,63;;;8,84;8,75;0,00;30,00;;;0,02;2,42;0,05;0,00;2,48;0,03;0,00;0,37;0,03;;0,05;;0,00;0,05;0,00;0,00;5,22;4,72;29,59;0,22;;0,93;;0,01;126,00;;;14,04;;-0,61;;1,00;0,00;0,00;0,00;0,40;0,00;0,00;0,00;0,00;0,40;472,58;0,00;5,00;0,00;0,00
23;LBR;Liberia;-0,01;6,55;41,50;0,31;1,00;0,00;0,00;10,53;;;4,19;6,37;1,00;111,00;;;0,03;0,40;0,13;0,04;0,56;0,02;0,00;0,01;0,03;0,16;0,01;0,01;0,00;0,23;0,00;1,00;5,72;4,78;6,39;0,83;0,46;0,97;0,17;0,20;169,00;;;3,68;-0,12;-0,87;;0,00;0,00;0,00;0,00;0,05;0,00;0,00;0,00;0,20;0,05;435,34;0,10;5,00;0,00;0,03
24;MDG;Madagascar;-0,02;7,06;41,00;0,52;1,00;0,00;0,05;4,80;18,36;13,19;10,32;8,26;0,00;587,00;0,15;0,03;0,03;;;;;0,04;0,00;0,00;0,03;0,06;0,02;0,01;;0,10;;0,00;5,22;5,06;18,96;0,06;0,83;0,93;0,67;0,11;120,00;0,01;0,06;;-0,04;-0,67;;0,00;1,00;0,00;0,00;0,20;0,00;0,00;0,00;0,07;0,21;2715,02;0,08;1,00;0,00;0,00
25;MWI;Malawi;0,01;5,91;37,90;0,67;1,00;0,00;0,09;32,64;22,98;25,75;8,07;6,73;1,00;118,00;0,19;0,02;0,03;1,60;0,01;0,00;1,62;0,01;0,00;0,00;0,04;0,15;0,01;0,00;0,00;0,00;0,00;0,00;6,39;6,56;15,81;0,62;0,58;0,96;0,17;0,04;116,00;0,02;0,11;9,54;-0,04;-0,70;;1,00;0,00;0,00;0,00;0,20;0,00;0,00;0,00;0,20;0,55;1756,03;0,09;5,00;0,00;0,00
26;MLI;Mali;0,00;6,20;35,90;0,10;1,00;0,00;;;13,05;15,69;7,15;5,87;0,00;1240,00;;;0,02;;0,01;0,01;;0,01;0,00;0,16;0,01;0,11;;0,03;0,00;0,24;0,10;0,00;6,89;6,22;12,51;0,78;0,37;0,89;0,33;0,11;127,00;0,04;0,03;;0,02;-0,93;;0,00;1,00;0,00;0,00;0,00;0,00;0,00;0,00;0,90;0,01;1726,38;0,01;1,00;0,01;0,00
27;MRT;Mauritania;0,00;6,75;35,30;0,08;1,00;0,00;0,05;43,36;134,73;589,80;6,92;5,11;1,00;1026,00;;;0,02;;;;;;0,00;0,00;0,03;0,18;0,02;0,03;0,00;0,20;0,00;1,00;6,33;6,00;17,92;0,33;0,59;0,99;;0,03;198,00;;;;0,00;-1,00;;0,00;1,00;0,00;0,00;0,00;0,00;0,00;0,00;1,00;0,00;365,88;0,07;3,00;0,87;0,00
28;MUS;Mauritius;0,02;7,94;59,40;0,98;1,00;0,00;;;20,51;21,33;9,10;11,72;0,00;2,00;0,30;0,09;0,02;2,12;0,28;0,04;2,44;0,24;0,00;1,00;0,03;0,09;0,02;0,00;0,00;0,00;0,00;0,00;2,17;2,39;20,23;0,58;;0,98;;0,33;126,00;0,01;0,16;19,36;-0,03;-1,21;0,30;1,00;0,00;0,00;0,00;0,26;0,00;0,52;0,00;0,17;0,02;196,02;0,00;5,00;0,56;0,00
29;MAR;Morocco;0,03;6,67;46,90;0,47;0,00;0,00;0,18;9,05;15,15;7,64;5,82;5,22;0,00;447,00;0,25;0,06;0,03;;;;;0,05;0,00;0,44;0,02;0,04;0,03;0,03;0,00;0,08;0,00;1,00;4,17;4,61;33,59;0,53;0,32;0,90;0,17;0,29;123,00;0,01;0,07;;0,00;-1,27;0,31;0,00;1,00;0,00;0,00;0,00;0,00;0,00;0,00;0,99;0,01;3265,74;0,03;3,00;0,74;0,00
30;MOZ;Mozambique;-0,02;7,03;35,20;0,48;1,00;0,00;0,00;304,42;;;;;0,00;802,00;0,13;0,01;0,02;0,39;0,01;0,00;0,40;0,02;0,00;0,00;;;;;;1,00;;1,00;6,50;6,72;18,50;0,65;0,12;;0,50;0,04;127,00;0,00;0,06;2,83;-0,01;-0,64;;0,00;0,00;0,00;0,00;0,15;0,00;0,00;0,00;0,10;0,15;3914,79;0,08;1,00;0,01;0,00
31;NER;Niger;0,00;6,22;35,40;0,05;1,00;0,00;0,05;4,49;18,90;37,86;5,32;8,78;1,00;1267,00;;;0,03;0,76;0,08;0,01;0,85;0,00;0,00;0,00;0,03;0,16;0,00;0,01;0,00;0,16;0,00;0,00;6,89;6,00;13,88;0,73;0,16;0,96;0,67;0,06;204,00;;;5,26;0,03;-0,53;;0,00;1,00;0,00;0,00;0,05;0,00;0,00;0,00;0,80;0,05;1789,55;0,08;5,00;0,04;0,00
32;NGA;Nigeria;0,01;6,32;39,70;0,36;1,00;0,00;0,09;45,18;1,10;152,56;12,98;15,14;1,00;924,00;0,18;0,06;0,03;;;;;0,04;0,00;0,00;0,02;0,11;0,01;0,01;0,00;0,52;0,50;1,00;4,89;4,06;6,54;0,87;0,50;0,99;0,17;0,13;277,00;0,02;0,10;;-0,01;-1,04;0,13;1,00;0,00;0,00;0,00;0,20;0,00;0,00;0,00;0,50;0,20;14920,97;0,21;4,00;0,00;0,00
33;RWA;Rwanda;0,01;6,24;46,50;0,49;1,00;0,00;0,00;32,25;21,54;24,69;10,07;16,66;0,00;26,00;0,24;0,06;0,03;;0,13;0,02;;0,02;0,00;0,00;0,00;0,14;0,03;0,03;0,00;0,14;0,00;0,00;6,33;5,67;2,03;0,14;0,30;0,99;;0,02;165,00;0,01;0,07;;0,04;-0,58;;0,00;0,00;0,00;0,00;0,65;0,00;0,00;0,00;0,01;0,09;1531,96;0,00;1,00;0,00;0,00
34;SEN;Senegal;0,00;6,92;39,60;0,27;1,00;0,00;0,05;4,49;13,09;13,97;5,71;4,50;0,00;197,00;0,24;0,04;0,03;1,40;0,13;0,02;1,54;0,03;0,00;0,00;0,02;0,18;0,02;0,01;0,10;0,04;0,15;0,00;4,33;4,00;14,77;0,72;0,54;0,81;0,17;0,23;146,00;0,01;0,08;10,70;0,00;-0,87;;0,00;1,00;0,00;0,00;0,02;0,00;0,00;0,00;0,92;0,00;1340,77;0,00;4,00;0,00;0,00
35;SYC;Seychelles;0,03;7,14;;;1,00;0,00;;;;;;;;;;;;2,82;0,26;0,03;3,11;;;0,07;;;;;;0,57;;;4,92;4,56;4,66;;;1,00;;;;;;22,18;;;;1,00;0,00;0,00;0,00;0,90;0,00;0,00;0,00;0,00;0,08;;0,00;1,00;0,02;0,03
36;SLE;Sierra Leone;0,01;;31,50;0,23;1,00;0,00;;;29,06;19,90;23,97;33,41;1,00;72,00;0,23;0,03;0,02;0,38;0,14;0,01;0,53;0,02;0,00;0,00;0,00;0,26;0,02;0,01;0,00;0,38;0,50;0,00;5,22;5,00;8,70;0,77;0,75;0,37;0,67;0,13;201,00;0,01;0,10;;-0,01;-0,77;;1,00;0,00;0,00;0,00;0,05;0,00;0,00;0,00;0,30;0,05;1039,38;0,06;5,00;0,00;0,00
37;SOM;Somalia;0,00;6,92;36,10;0,09;1,00;0,00;;;34,33;38,10;23,31;29,13;0,00;638,00;0,18;0,03;0,03;;;;;0,01;0,00;0,00;0,01;;0,01;;0,06;0,28;0,13;1,00;7,00;6,78;10,63;0,08;0,77;0,94;0,50;0,17;176,00;0,00;0,14;;0,03;-0,88;0,07;1,00;0,00;0,00;0,00;0,00;0,00;0,00;0,00;1,00;0,00;1215,68;0,00;1,00;0,00;0,00
38;ZAF;South africa;0,01;7,65;49,20;0,89;1,00;0,00;0,07;12,00;16,64;11,77;9,79;6,40;1,00;1221,00;;;0,02;3,22;0,85;0,00;4,06;0,15;0,03;0,09;0,11;0,12;;0,02;0,01;0,04;0,00;1,00;4,78;5,67;29,13;0,88;0,59;0,53;0,67;0,47;72,00;;;31,10;0,00;-1,04;0,54;1,00;0,00;0,00;0,00;0,33;0,00;0,02;0,00;0,20;0,34;6123,39;0,11;3,00;0,00;0,09
39;SDN;Sudan;0,00;;38,80;0,25;1,00;0,00;0,33;36,93;47,33;113,36;17,48;14,38;0,00;2506,00;0,15;0,04;0,03;0,24;0,03;0,00;0,27;0,03;0,00;0,15;0,00;;0,02;0,02;0,00;0,68;0,30;1,00;5,39;5,56;14,04;0,73;0,38;1,00;0,17;0,10;163,00;;;;-0,01;-1,04;0,15;1,00;0,00;0,00;0,00;0,02;0,00;0,00;0,00;0,70;0,03;3928,96;0,00;4,00;0,52;0,00
40;SWZ;Swaziland;0,02;7,10;40,40;0,58;1,00;0,00;;;;;8,79;5,81;0,00;17,00;;;0,03;1,50;0,14;0,02;1,66;0,05;0,00;0,35;;;0,02;;0,00;0,05;0,00;0,00;5,33;4,83;26,55;;;;;0,04;140,00;;;11,80;;-0,61;;1,00;0,00;0,00;0,00;0,30;0,00;0,00;0,00;0,00;0,30;177,90;0,01;5,00;0,00;0,00
41;TZA;Tanzania;0,02;5,74;40,60;0,25;1,00;0,00;0,01;83,98;27,69;17,51;13,36;11,00;0,00;945,00;0,15;0,02;0,03;0,93;0,27;0,13;1,34;0,02;0,00;0,00;0,08;0,18;0,03;0,02;0,00;0,05;0,00;1,00;6,00;6,00;2,15;0,93;0,63;0,87;0,50;0,05;216,00;0,01;0,17;7,68;0,00;-0,60;;1,00;0,00;0,00;0,00;0,16;0,00;0,00;0,00;0,35;0,16;5520,32;0,00;0,00;0,00;0,00
42;TGO;Togo;0,01;5,89;39,50;0,44;1,00;0,00;0,05;4,49;18,67;29,79;5,22;9,85;1,00;57,00;;;0,03;0,17;0,04;0,00;0,21;0,02;0,00;0,00;0,07;0,13;0,02;0,01;0,11;0,16;0,15;0,00;6,67;5,94;6,19;0,71;0,46;0,94;0,33;0,10;141,00;;;1,22;-0,03;-0,77;;0,00;1,00;0,00;0,00;0,10;0,00;0,00;0,00;0,10;0,10;702,34;0,09;1,00;0,00;0,00
43;TUN;Tunisia;0,03;6,98;48,60;0,66;0,00;0,00;0,85;39,59;16,19;8,46;6,92;5,15;0,00;164,00;0,31;0,06;0,02;0,29;0,13;0,03;0,45;0,12;0,01;0,13;0,06;0,12;0,04;0,02;0,00;0,00;0,00;0,00;5,61;4,89;36,82;0,16;0,64;0,81;0,50;0,36;104,00;0,03;0,11;3,11;0,01;-1,27;0,30;0,00;1,00;0,00;0,00;0,00;0,00;0,00;0,01;0,98;0,01;1181,04;0,08;4,00;0,99;0,00
44;UGA;Uganda;-0,01;6,52;43,20;0,49;1,00;0,00;0,01;319,51;41,92;34,66;47,13;56,41;1,00;236,00;0,20;0,02;0,03;1,04;0,11;0,00;1,15;0,03;0,00;0,16;0,01;0,16;0,02;0,00;0,04;0,43;0,02;1,00;5,78;5,61;0,23;0,90;0,69;1,00;0,17;0,05;155,00;0,00;0,04;7,50;-0,03;-0,70;;1,00;0,00;0,00;0,00;0,33;0,00;0,00;0,00;0,16;0,33;3250,16;0,00;3,00;0,00;0,00
45;ZAR;Zaire;-0,01;6,13;42,10;0,60;1,00;0,00;1,86;84,94;44,46;34,88;42,98;33,03;1,00;2345,00;0,14;0,02;0,03;0,59;0,02;0,00;0,62;0,03;0,00;0,00;0,04;0,16;0,03;0,02;;0,27;;1,00;6,56;6,39;0,57;0,90;0,38;0,93;0,17;0,16;201,00;0,01;0,06;3,79;0,00;-0,74;;0,00;0,00;0,00;0,00;0,50;0,00;0,00;0,00;0,10;0,20;7279,90;0,05;3,00;0,00;0,00
46;ZMB;Zambia;-0,01;6,86;41,80;0,42;1,00;0,00;0,09;61,98;-15,42;199,08;18,01;25,35;1,00;753,00;0,16;0,03;0,03;1,54;0,07;0,03;1,64;0,02;0,00;0,04;0,24;0,23;0,02;0,01;0,00;0,05;0,00;0,00;5,11;5,11;12,94;0,82;0,67;1,00;0,50;0,23;206,00;0,04;0,28;11,27;0,06;-1,02;;1,00;0,00;0,00;0,00;0,31;0,00;0,18;0,00;0,19;0,31;1137,98;0,20;1,00;0,00;0,00
47;ZWE;Zimbabwe;0,00;6,92;45,50;0,96;1,00;0,00;0,09;101,34;;;6,75;6,82;1,00;391,00;0,16;0,03;0,03;1,51;0,13;0,03;1,67;0,06;0,00;0,00;0,06;0,03;0,02;0,01;0,00;0,30;0,00;1,00;4,83;5,06;17,88;0,54;;0,66;0,17;0,13;164,00;0,01;0,20;11,53;;-0,82;;1,00;0,00;0,00;0,00;0,25;0,00;0,00;0,00;0,01;0,25;1683,38;0,06;3,00;0,00;0,07
48;BHS;Bahamas, The;;;;;0,00;1,00;;;;;;;;;;;;;;;;;;;;;;;;0,00;;;1,50;2,17;24,70;;;0,95;0,67;0,64;;;;;;;;1,00;0,00;0,00;0,00;0,19;0,00;0,00;0,00;0,00;0,76;;;3,00;0,00;0,87
49;BRB;Barbados;0,03;7,90;;1,00;0,00;1,00;;;15,86;13,25;7,67;8,23;0,00;0,50;0,39;0,04;0,00;4,49;1,00;0,02;5,51;0,39;0,01;1,00;0,03;;0,03;;0,00;0,00;0,00;0,00;1,00;1,11;13,18;0,22;1,00;0,75;;0,35;110,00;0,05;0,15;43,50;0,00;-0,93;;1,00;0,00;0,00;0,00;0,44;0,00;0,00;0,00;0,00;0,27;90,99;0,01;5,00;0,00;1,00
50;CAN;Canada;0,03;8,89;71,10;1,00;0,00;0,00;0,00;0,00;12,45;7,56;5,59;3,39;1,00;9976,00;0,20;0,01;0,01;5,29;2,45;0,33;8,07;0,46;0,16;0,96;0,03;0,04;0,04;0,04;0,00;0,00;0,00;0,00;1,00;1,00;43,73;0,75;1,00;0,49;1,00;0,69;83,00;0,09;0,15;71,78;-0,01;-0,99;0,33;1,00;0,00;0,00;0,00;0,46;0,00;0,00;0,00;0,00;0,26;6674,68;0,03;5,00;0,24;0,61
51;CRI;Costa Rica;0,02;7,61;61,90;0,96;0,00;1,00;0,22;15,95;20,62;18,54;14,52;16,69;0,00;51,00;0,25;0,04;0,03;3,02;0,37;0,09;3,47;0,21;0,05;0,42;0,03;0,12;0,04;0,01;0,00;0,00;0,00;0,00;1,00;1,00;9,94;0,07;0,90;0,80;0,67;0,37;91,00;0,03;0,12;26,41;0,00;-1,20;0,19;0,00;0,00;1,00;0,00;0,95;0,00;0,00;0,00;0,00;0,00;373,52;0,04;3,00;0,89;0,02
52;DMA;Dominica;;;;;0,00;1,00;;;;;;;;;;;;3,55;0,32;0,02;3,89;;;;;;;;;0,45;;;2,00;2,28;15,43;;;0,81;0,50;;;;;;;;;1,00;0,00;0,00;0,00;0,77;0,00;0,00;0,00;0,00;0,15;;0,01;5,00;0,78;0,29
53;DOM;Dominican Rep;0,02;7,04;52,20;0,98;0,00;1,00;0,37;38,40;16,42;8,70;10,39;12,46;0,00;49,00;;;0,03;2,22;0,13;0,03;2,38;0,07;0,01;0,00;0,05;0,10;0,02;0,04;0,20;0,36;0,30;1,00;2,17;2,56;18,56;0,04;0,39;0,80;0,50;0,30;129,00;0,02;0,15;16,73;0,03;-1,27;0,15;0,00;1,00;0,00;0,00;0,95;0,00;0,00;0,00;0,00;0,00;906,62;0,02;3,00;0,87;0,00
54;SLV;El Salvador;0,01;7,23;50,80;0,80;0,00;1,00;0,19;33,56;12,83;7,83;8,67;9,25;0,00;21,00;0,30;0,04;0,02;1,46;0,23;0,02;1,70;0,13;0,01;0,40;0,01;0,10;0,02;0,01;0,00;0,56;0,00;1,00;3,28;3,78;13,77;0,17;0,72;0,71;0,17;0,38;132,00;0,01;0,07;12,29;0,00;-1,12;0,20;0,00;0,00;1,00;0,00;0,75;0,00;0,00;0,00;0,00;0,20;838,33;0,00;3,00;0,92;0,00
55;GRD;Grenada;;;;;0,00;1,00;;;;;;;;;;;;;;;;;;;;;0,05;;;0,27;;;3,17;3,50;12,11;;;0,96;;;;;;;;;;1,00;0,00;0,00;0,00;0,98;0,00;0,00;0,00;0,00;0,02;;0,00;3,00;0,00;1,00
56;GTM;Guatemala;0,01;7,40;45,90;0,45;0,00;1,00;0,00;41,52;14,38;10,34;7,48;9,00;0,00;109,00;0,26;0,02;0,03;0,99;0,15;0,02;1,15;0,07;0,02;0,42;0,02;0,05;0,02;0,01;0,25;0,51;0,13;1,00;4,00;4,11;14,62;0,64;0,40;0,72;0,17;0,33;109,00;0,02;0,07;8,55;0,00;-1,14;0,14;0,00;0,00;1,00;0,00;0,95;0,00;0,00;0,00;0,00;0,03;1267,69;0,00;3,00;0,59;0,00
57;HTI;Haiti;-0,01;6,77;42,40;0,46;0,00;1,00;0,00;0,00;15,02;19,88;6,61;6,33;0,00;28,00;0,31;0,03;0,02;0,47;0,21;0,01;0,69;0,04;0,00;0,00;0,00;0,12;0,02;0,03;0,14;0,16;0,07;1,00;6,50;5,67;18,93;0,01;0,21;0,74;0,00;0,16;114,00;0,00;0,07;4,68;;-0,63;0,11;0,00;1,00;0,00;0,00;0,80;0,00;0,00;0,00;0,00;0,16;2029,13;0,00;3,00;0,08;0,00
58;HND;Honduras;0,01;6,91;46,80;0,67;0,00;1,00;0,00;10,97;15,89;8,48;5,26;3,68;1,00;112,00;;;0,03;1,50;0,17;0,02;1,69;0,08;0,01;0,36;0,03;0,08;0,02;0,02;0,00;0,32;0,00;1,00;4,06;3,00;14,19;0,16;0,50;0,92;0,17;0,23;156,00;0,04;0,09;11,64;0,03;-1,14;0,15;0,00;0,00;1,00;0,00;0,97;0,00;0,00;0,00;0,00;0,02;618,23;0,01;3,00;0,84;0,00
59;JAM;Jamaica;0,01;7,49;63,00;0,92;0,00;1,00;0,02;29,05;20,56;19,66;12,43;9,08;0,00;11,00;0,32;0,03;0,01;2,16;0,28;0,02;2,46;0,45;0,02;0,42;0,09;0,02;0,02;0,00;0,00;0,00;0,00;1,00;1,72;2,61;18,06;0,05;0,90;0,47;0,17;0,34;139,00;0,05;0,16;18,45;-0,02;-0,89;0,22;1,00;0,00;0,00;0,00;0,05;0,00;0,00;0,00;0,00;0,56;667,89;0,09;5,00;0,00;0,94
60;MEX;Mexico;0,02;7,94;57,30;0,80;0,00;1,00;0,00;14,51;40,70;34,72;29,04;34,87;0,00;1958,00;0,18;0,01;0,03;2,10;0,26;0,04;2,40;0,11;0,03;0,20;0,06;0,03;0,01;0,01;0,00;0,00;0,00;0,00;3,67;3,67;16,76;0,30;0,75;0,68;0,67;0,51;71,00;0,02;0,17;19,09;0,01;-1,24;;0,00;0,00;1,00;0,00;0,89;0,00;0,00;0,00;0,00;0,06;10995,38;0,03;3,00;0,88;0,00
61;NIC;Nicaragua;-0,01;7,30;47,30;0,66;0,00;1,00;0,32;142,21;16,55;10,44;42,87;104,14;0,00;130,00;0,22;0,03;0,03;1,89;0,17;0,02;2,07;0,07;0,01;0,33;;0,03;0,02;0,02;0,00;0,20;0,00;1,00;5,11;4,72;12,21;0,10;0,55;0,84;0,17;0,41;103,00;0,01;0,13;15,14;0,01;-1,22;0,13;0,00;0,00;1,00;0,00;0,95;0,00;0,00;0,00;0,00;0,05;442,82;0,04;3,00;0,65;0,01
62;PAN;Panama;0,03;7,32;60,90;0,96;0,00;1,00;0,00;0,00;16,62;10,75;4,10;3,29;0,00;77,00;;;0,02;3,43;0,74;0,09;4,26;0,29;0,05;0,28;0,08;0,16;0,04;0,00;0,14;0,16;0,37;0,00;5,72;4,83;9,21;0,28;0,77;0,96;0,17;0,41;129,00;0,04;0,22;31,19;0,02;-1,10;0,17;0,00;0,00;1,00;0,00;0,93;0,00;0,00;0,00;0,00;0,06;382,97;0,00;3,00;0,69;0,14
63;LCA;StLucia;;;;;0,00;1,00;;;;;;;;;;;;3,58;0,13;0,01;3,71;;;;;;;;;0,00;;;1,67;2,50;13,90;;;0,92;;;;;;;;;;1,00;0,00;0,00;0,00;0,90;0,00;0,00;0,00;0,00;0,10;;;5,00;0,67;0,17
64;VCT;StVincent & Grens;;;;;0,00;1,00;;;;;;;;;;;;4,19;0,20;0,01;4,41;;;;;;;;;;;;1,83;2,00;13,25;;;0,98;;;;;;;;;;1,00;0,00;0,00;;;;;;;;;;5,00;0,00;1,00
65;TTO;Trinidad & Tobago;0,01;8,64;63,90;0,88;0,00;1,00;;7,11;14,19;77,57;9,31;13,30;0,00;5,00;0,31;0,08;0,01;3,69;0,89;0,02;4,60;0,24;0,01;0,00;0,07;0,02;0,02;0,00;0,00;0,05;0,00;0,00;1,56;1,89;10,42;0,56;0,85;0,87;0,67;0,22;96,00;0,04;0,17;39,72;-0,02;-1,02;0,22;1,00;0,00;0,00;0,00;0,32;0,00;0,24;0,00;0,06;0,28;305,25;0,16;3,00;0,04;0,93
66;USA;United States;0,02;9,19;69,80;1,00;0,00;0,00;0,00;0,00;9,31;2,73;5,03;2,63;0,00;9373,00;0,11;0,00;0,01;5,26;2,87;0,53;8,67;0,86;0,32;1,00;0,03;0,01;0,04;0,09;0,01;0,00;0,00;1,00;1,00;1,00;34,36;0,50;0,92;0,30;1,00;0,70;90,00;0,07;0,15;79,63;0,01;-0,90;0,63;1,00;0,00;0,00;0,00;0,28;0,00;0,00;0,02;0,00;0,56;73171,76;0,02;5,00;0,09;0,89
67;ARG;Argentina;0,01;8,10;65,20;0,98;0,00;1,00;0,16;66,85;;144,99;304,01;860,97;0,00;2767,00;0,11;0,03;0,02;4,29;0,60;0,10;4,99;0,23;0,11;0,09;0,05;0,06;0,02;0,02;0,02;0,96;0,11;1,00;3,94;3,56;36,68;0,31;0,53;0,86;0,33;0,74;113,00;0,02;0,12;40,38;0,01;-0,93;;0,00;0,00;1,00;0,00;0,90;0,00;0,00;0,02;0,00;0,02;8110,33;0,02;5,00;0,84;0,00
68;BOL;Bolivia;0,01;7,01;42,80;0,64;0,00;1,00;0,03;236,07;81,76;208,22;473,78;2130,70;0,00;1099,00;0,17;0,02;0,03;2,02;0,98;0,10;3,09;0,12;0,04;0,73;0,05;0,11;0,02;0,02;0,05;1,19;0,33;0,00;4,11;3,67;15,19;0,68;0,36;0,97;0,17;;181,00;0,01;0,12;21,64;0,09;-1,06;;0,00;0,00;1,00;0,00;0,95;0,00;0,00;0,00;0,00;0,03;1184,03;0,08;3,00;0,37;0,00
69;BRA;Brazil;0,02;7,46;54,90;0,95;0,00;1,00;0,24;15,58;76,26;61,53;138,02;259,97;0,00;8512,00;0,08;0,01;0,02;1,87;0,70;0,07;2,64;0,11;0,02;0,09;0,06;0,07;0,00;0,02;0,00;0,12;0,00;0,00;3,39;3,39;19,56;0,07;0,61;0,86;0,67;0,46;97,00;0,06;0,16;19,72;0,01;-1,13;;0,00;0,00;0,00;0,00;0,90;0,00;0,00;0,00;0,00;0,00;23338,97;0,02;3,00;1,00;0,00
70;CHL;Chile;0,01;7,97;57,30;1,00;0,00;1,00;0,54;331,36;;;87,62;153,20;0,00;757,00;0,14;0,03;0,02;3,80;1,13;0,07;5,00;0,24;0,04;0,42;0,06;0,13;0,03;0,02;0,00;0,20;0,10;1,00;5,78;4,67;33,55;0,14;0,97;0,96;0,83;0,68;100,00;0,02;0,13;39,83;0,02;-1,12;0,03;0,00;0,00;1,00;0,00;0,89;0,00;0,00;0,00;0,00;0,11;2480,64;0,16;5,00;0,93;0,00
71;COL;Colombia;0,02;7,41;53,20;0,77;0,00;1,00;0,18;14,66;25,33;11,79;18,92;7,45;0,00;1139,00;0,16;0,04;0,02;2,02;0,62;0,04;2,68;0,12;0,02;0,09;0,05;0,05;0,02;0,02;0,00;0,00;0,00;1,00;2,11;2,89;4,79;0,06;0,71;0,92;0,33;0,48;81,00;0,02;0,16;19,84;0,00;-1,20;0,21;0,00;0,00;1,00;0,00;0,95;0,00;0,00;0,00;0,00;0,00;4823,14;0,06;3,00;0,98;0,00
72;ECU;Ecuador;0,02;7,27;53,40;0,83;0,00;1,00;0,20;24,05;24,70;19,33;18,29;14,53;1,00;284,00;0,19;0,05;0,03;2,53;0,38;0,05;2,95;0,12;0,03;0,84;0,08;0,11;0,02;0,02;0,00;0,56;0,10;0,00;3,72;3,11;2,06;0,53;0,45;0,98;0,67;0,34;113,00;0,03;0,22;21,45;-0,02;-1,15;0,16;0,00;0,00;1,00;0,00;0,95;0,00;0,00;0,00;0,00;0,00;1397,16;0,10;3,00;0,71;0,00
73;GUY;Guyana;0,00;7,33;60,20;1,00;0,00;1,00;;;;;11,94;18,59;0,00;215,00;0,22;0,02;0,01;4,10;0,40;0,01;4,51;0,33;0,00;0,16;0,12;0,20;0,03;0,03;0,00;0,00;0,00;0,00;4,28;3,89;5,76;0,58;0,53;0,97;0,00;0,26;117,00;;;33,11;0,01;-1,20;0,23;1,00;0,00;0,00;0,00;0,28;0,00;0,33;0,00;0,09;0,29;171,33;0,09;1,00;0,00;0,82
74;PRY;Paraguay;0,02;7,10;63,90;0,98;0,00;1,00;0,10;45,92;18,32;10,29;12,98;10,43;0,00;407,00;0,20;0,08;0,03;2,95;0,36;0,04;3,35;0,11;0,02;0,13;0,01;0,10;0,01;0,02;0,00;0,08;0,00;0,00;4,94;5,22;25,58;0,14;0,45;0,91;0,17;0,36;141,00;0,01;0,11;23,79;0,03;-1,14;0,09;0,00;0,00;1,00;0,00;0,90;0,00;0,00;0,00;0,00;0,05;568,57;0,00;3,00;0,04;0,00
75;PER;Peru;0,00;7,57;48,00;0,83;0,00;1,00;0,02;33,23;58,30;99,69;178,32;634,82;0,00;1285,00;0,14;0,05;0,03;2,42;0,49;0,09;3,00;0,15;0,04;0,49;0,04;0,06;0,02;0,03;0,00;0,28;0,10;1,00;3,78;3,78;11,79;0,59;0,87;0,99;0,33;0,46;83,00;0,02;0,10;22,71;0,02;-1,14;0,21;0,00;0,00;1,00;0,00;0,95;0,00;0,00;0,00;0,00;0,00;3176,93;0,02;3,00;0,56;0,00
76;SUR;Suriname;0,00;7,65;;1,00;0,00;1,00;;;;;9,03;7,14;0,00;163,00;;;0,01;;;;;0,28;;0,17;;;0,05;;;0,57;;0,00;4,06;3,61;5,61;;;0,94;0,17;0,47;126,00;;;;-0,01;-1,28;;0,00;0,00;0,00;0,00;0,23;0,00;0,27;0,00;0,20;0,25;81,00;0,03;3,00;0,01;0,00
77;URY;Uruguay;0,01;8,26;67,30;1,00;0,00;1,00;0,02;27,94;60,68;29,51;54,59;27,32;0,00;177,00;0,20;0,04;0,01;3,57;0,69;0,02;4,28;0,37;0,08;0,11;0,02;0,06;0,02;0,01;0,07;0,00;0,04;0,00;4,22;4,17;34,82;0,20;1,00;0,80;0,50;0,80;92,00;0,01;0,10;35,31;0,01;-0,90;0,28;0,00;0,00;1,00;0,00;0,66;0,00;0,00;0,02;0,00;0,02;1028,91;0,00;3,00;1,00;0,00
78;VEN;Venezuela;0,00;8,73;59,80;1,00;0,00;1,00;0,30;48,90;24,59;46,07;12,96;18,85;1,00;912,00;0,19;0,03;0,03;2,20;0,28;0,05;2,53;0,21;0,04;0,31;0,04;0,02;0,02;0,02;0,00;0,32;0,10;0,00;1,22;2,06;9,84;0,11;0,73;0,99;0,50;0,67;109,00;0,04;0,08;22,08;-0,02;-1,15;0,19;0,00;0,00;1,00;0,00;0,96;0,00;0,00;0,00;0,00;0,02;2387,14;0,11;3,00;0,97;0,00
79;AFG;Afghanistan;0,00;;;0,10;0,00;0,00;0,88;75,70;14,94;16,14;8,24;13,72;0,00;;;;0,01;0,54;0,34;0,11;0,98;0,01;0,00;;;;;;0,00;0,52;0,00;;6,78;6,56;;;0,23;;;0,08;;;;;0,01;-1,10;0,07;1,00;0,00;0,00;0,00;0,00;0,00;0,00;0,00;0,99;0,00;3602,08;;;;
80;BHR;Bahrain;;;;0,47;0,00;0,00;;;;;;;;;;;0,04;0,90;0,29;0,10;1,28;0,42;0,00;;0,16;;;;;0,07;;;5,22;4,56;26,02;;;0,83;0,67;0,79;;;;;;;;1,00;0,00;0,00;0,00;0,00;0,00;0,00;0,00;1,00;0,00;;0,16;3,00;0,80;0,00
81;BGD;Bangladesh;0,01;6,69;43,60;0,47;0,00;0,00;0,61;64,91;;;11,61;18,59;0,00;144,00;0,21;0,07;0,03;0,54;0,24;0,02;0,79;0,08;0,01;0,00;0,02;0,34;0,00;0,00;;0,62;;1,00;4,50;4,28;23,88;;0,63;;0,17;0,05;70,00;0,01;0,06;5,31;0,00;-1,08;;1,00;0,00;0,00;0,00;0,00;0,00;0,16;0,00;0,83;0,00;17441,32;0,00;3,00;0,00;0,00
82;BUR;Myanmar (Burma);0,01;5,69;;0,56;0,00;0,00;1,49;101,48;;;5,92;11,27;0,00;677,00;;;0,02;0,68;0,31;0,01;1,01;0,10;0,01;0,00;0,06;;;0,06;0,00;0,36;0,00;1,00;6,89;6,17;17,68;0,47;;0,99;0,50;0,19;90,00;;;5,75;;-0,78;0,29;1,00;0,00;0,00;0,89;0,01;0,00;0,00;0,00;0,04;0,03;9981,41;0,01;1,00;0,01;0,00
83;CHN;China;;;36,30;;0,00;0,00;;;;;;;;;;;0,02;;;;;;;0,00;0,13;;;;0,00;0,04;0,00;;6,33;6,28;29,56;;0,16;0,30;;;;;;;;-0,66;;0,00;0,00;0,00;0,32;0,00;0,32;0,00;0,00;0,03;0,01;341041,09;0,05;0,00;0,94;0,00
84;HKG;Hong Kong;0,06;7,71;66,00;0,87;0,00;0,00;0,00;0,51;;;6,78;4,87;1,00;1,00;0,37;0,00;0,02;3,51;1,55;0,14;5,19;0,20;0,04;1,00;0,02;0,04;0,02;0,00;0,00;0,00;0,00;0,00;3,61;2,11;22,70;0,02;;0,04;1,00;0,89;116,00;0,07;0,13;39,99;;-0,94;;1,00;0,00;0,00;0,30;0,05;0,30;0,00;0,00;0,00;0,05;1197,41;0,00;5,00;0,98;0,00
85;IND;India;0,02;6,50;42,50;0,61;0,00;0,00;0,52;21,64;15,40;4,56;7,68;4,57;0,00;3288,00;0,13;0,11;0,02;1,33;0,10;0,00;1,43;0,20;0,03;0,02;0,05;0,09;0,02;0,03;0,00;0,12;0,20;1,00;2,00;3,06;25,27;0,89;0,91;0,48;0,50;0,18;94,00;0,01;0,15;9,28;-0,02;-0,82;;1,00;0,00;0,00;0,01;0,01;0,00;0,83;0,00;0,11;0,01;195781,45;0,02;3,00;0,00;0,00
86;IDN;Indonesia;0,04;6,43;41,50;0,71;0,00;0,00;0,15;25,25;43,02;29,66;85,83;223,37;1,00;1905,00;0,12;0,02;0,02;1,03;0,08;0,00;1,11;0,06;0,01;0,56;0,05;0,05;0,02;0,04;0,00;0,28;0,40;1,00;5,00;5,22;6,56;0,76;0,10;0,99;0,17;0,15;98,00;;;7,12;-0,05;;0,26;0,00;0,00;0,00;0,01;0,03;0,00;0,02;0,00;0,87;0,06;;0,12;3,00;0,01;0,00
87;IRN;Iran, IR of;0,01;7,84;46,00;0,42;0,00;0,00;0,14;115,27;23,94;19,25;11,08;14,14;1,00;1648,00;0,17;0,06;0,03;0,32;0,12;0,02;0,45;0,12;0,01;0,00;;0,01;0,02;0,04;0,01;0,24;0,00;1,00;5,44;5,78;35,38;0,76;0,45;0,96;0,17;0,34;102,00;;;3,54;-0,01;-1,22;0,19;0,00;0,00;0,00;0,00;0,00;0,00;0,00;0,00;0,99;0,00;5972,55;0,05;3,00;0,03;0,00
88;IRQ;Iraq;-0,02;8,11;46,00;0,65;0,00;0,00;0,13;90,85;;82,61;;;1,00;438,00;0,20;0,02;0,03;0,12;0,07;0,02;0,21;0,19;0,02;0,00;;0,05;0,04;0,07;0,00;0,80;0,40;1,00;6,89;6,89;33,31;0,36;0,11;0,78;0,17;0,43;133,00;;;1,74;-0,01;-1,32;0,21;1,00;0,00;0,00;0,00;0,01;0,00;0,00;0,00;0,97;0,01;1828,83;0,41;0,00;0,64;0,00
89;ISR;Israel;0,03;8,12;71,70;0,98;0,00;0,00;0,21;13,85;114,71;230,35;59,25;88,12;0,00;21,00;;;0,03;5,32;1,23;0,29;6,84;0,48;0,10;0,22;0,05;0,06;0,04;0,06;0,00;0,00;0,00;1,00;2,00;2,33;32,08;0,20;0,97;0,29;0,17;0,77;110,00;0,11;0,17;55,53;0,02;-1,02;0,29;1,00;0,00;0,00;0,00;0,01;0,00;0,00;0,82;0,14;0,01;758,93;0,01;4,00;0,34;0,00
90;JPN;Japan;0,05;8,00;67,70;1,00;0,00;0,00;0,00;0,00;14,44;5,25;5,07;4,12;1,00;378,00;0,17;0,00;0,01;4,90;1,61;0,20;6,71;0,74;0,09;0,73;0,07;0,06;0,03;0,01;0,00;0,00;0,00;0,00;1,44;1,00;35,71;0,01;1,00;0,07;1,00;0,62;118,00;0,12;0,24;53,67;-0,05;-0,74;0,64;0,00;0,00;0,00;0,87;0,00;0,00;0,00;0,00;0,00;0,01;44714,42;0,00;5,00;0,00;0,00
91;JOR;Jordan;0,02;7,04;47,20;0,77;0,00;0,00;0,02;3,59;32,19;51,34;7,54;6,58;0,00;89,00;0,26;0,05;0,03;1,04;0,33;0,03;1,40;0,25;0,01;0,67;0,08;0,02;0,03;0,17;0,00;0,20;0,10;1,00;5,72;5,67;31,60;0,05;0,31;0,84;0,17;0,43;116,00;0,03;0,14;9,83;0,00;-1,35;0,33;1,00;0,00;0,00;0,00;0,04;0,00;0,00;0,00;0,92;0,04;439,01;0,04;5,00;1,00;0,00
92;KOR;Korea;0,07;6,78;54,20;0,94;0,00;0,00;0,60;28,20;34,56;24,75;14,93;8,56;1,00;99,00;0,23;0,03;0,02;2,48;0,66;0,09;3,23;0,27;0,05;0,60;0,05;0,06;0,04;0,05;0,00;0,40;0,10;0,00;4,44;5,17;37,55;0,00;0,53;0,23;0,50;0,28;110,00;0,06;0,16;21,92;0,02;-1,08;0,12;0,00;0,00;0,00;0,16;0,12;0,60;0,00;0,00;0,00;0,12;8453,51;0,01;3,00;0,00;0,00
93;KWT;Kuwait;;;59,80;1,00;0,00;0,00;0,00;1,61;;;11,64;34,75;0,00;18,00;0,27;0,01;0,07;1,22;0,33;0,04;1,60;0,37;0,00;;0,05;;0,02;0,01;0,00;0,08;0,17;0,00;5,00;4,00;29,33;0,18;;0,95;0,17;0,72;;;;;-0,01;-0,92;0,26;1,00;0,00;0,00;0,00;0,04;0,00;0,04;0,00;0,85;0,04;111,20;0,31;2,00;0,89;0,00
94;MYS;Malaysia;0,04;7,23;54,30;0,96;0,00;0,00;0,02;2,15;20,44;14,29;2,81;5,97;1,00;330,00;0,19;0,02;0,03;1,84;0,44;0,05;2,34;0,19;0,01;1,00;0,07;0,07;0,03;0,02;0,00;0,04;0,00;0,00;3,11;4,06;3,27;0,72;0,80;0,93;0,67;0,25;88,00;0,04;0,19;16,89;-0,03;-1,06;0,28;1,00;0,00;0,00;0,27;0,01;0,01;0,07;0,00;0,54;0,02;2817,25;0,10;5,00;0,31;0,00
95;NPL;Nepal;0,01;6,40;38,50;0,10;0,00;0,00;0,21;37,31;;;;;0,00;141,00;0,24;0,02;0,02;0,05;0,01;0,00;0,07;0,06;0,01;0,09;0,03;0,24;0,00;0,00;0,00;0,08;0,00;0,00;4,33;4,44;27,71;0,70;0,29;0,65;;0,03;73,00;0,01;0,05;0,46;;-0,71;0,06;0,00;0,00;0,00;0,05;0,00;0,00;0,90;0,00;0,03;0,00;4615,48;0,00;5,00;0,00;0,00
96;OMN;Oman;;;40,30;;0,00;0,00;0,00;0,00;;93,29;12,83;40,71;0,00;212,00;;;0,04;;;;;;0,00;0,42;;;;;;0,60;;0,00;6,22;6,00;20,44;;;1,00;0,50;0,04;129,00;;;;;;;0,00;0,00;0,00;0,00;0,00;0,00;0,00;0,00;1,00;0,00;;0,41;3,00;0,62;0,00
97;PAK;Pakistan;0,03;6,43;43,30;0,30;0,00;0,00;0,61;35,22;15,51;7,30;7,49;6,06;0,00;796,00;0,17;0,06;0,03;0,46;0,16;0,01;0,63;0,11;0,01;0,00;0,07;0,10;0,02;0,03;0,01;0,32;0,00;1,00;4,94;4,78;31,17;0,64;0,63;0,43;0,17;0,22;77,00;0,01;0,11;4,04;0,00;-1,07;0,32;1,00;0,00;0,00;0,00;0,01;0,00;0,01;0,00;0,97;0,01;17144,56;0,01;3,00;0,00;0,00
98;PHL;Philippines;0,01;7,01;53,10;0,95;0,00;0,00;0,34;20,98;16,38;13,15;11,16;9,61;0,00;300,00;0,18;0,04;0,03;3,02;0,55;0,20;3,78;0,26;0,13;0,16;0,02;0,09;0,02;0,01;0,00;0,44;0,00;1,00;4,28;4,28;13,92;0,74;0,93;0,92;0,17;0,30;92,00;0,03;0,12;26,48;0,03;-0,96;0,22;0,00;0,00;0,00;0,02;0,83;0,00;0,00;0,00;0,05;0,09;10517,28;0,02;3,00;0,01;0,00
99;SAU;Saudi Arabia;;;44,70;0,12;0,00;0,00;0,02;1,82;;;9,92;25,49;1,00;2150,00;0,14;0,01;0,04;;;;;0,02;0,00;0,45;0,04;;0,03;0,05;0,00;0,12;0,10;0,00;6,06;6,33;23,07;0,06;0,10;1,00;0,17;0,30;;;;;-0,01;-1,27;;0,00;0,00;0,00;0,00;0,00;0,00;0,00;0,00;1,00;0,00;1147,93;0,22;3,00;0,99;0,00
100;SGP;Singapore;0,06;7,41;63,70;1,00;0,00;0,00;0,02;1,79;24,37;24,63;3,27;4,03;1,00;1,00;0,32;0,01;0,02;1,92;1,06;0,00;2,99;0,32;0,06;1,00;0,05;0,01;0,03;0,00;0,00;0,00;0,00;0,00;4,50;4,94;1,36;0,42;0,77;0,69;1,00;1,00;87,00;0,15;0,17;22,13;;-1,11;;1,00;0,00;0,00;0,46;0,00;0,15;0,06;0,00;0,15;0,00;536,77;0,00;4,00;0,71;0,09
101;LKA;Sri Lanka;0,02;7,14;62,30;0,95;0,00;0,00;0,87;268,47;17,17;14,37;8,61;7,53;1,00;66,00;0,23;0,06;0,02;2,39;1,02;0,01;3,43;0,27;0,01;0,40;0,06;0,16;0,04;0,01;0,00;0,08;0,00;1,00;2,44;3,44;6,87;0,47;0,86;0,99;0,33;0,18;51,00;0,01;0,14;24,48;-0,08;-1,02;0,32;1,00;0,00;0,00;0,69;0,04;0,00;0,15;0,00;0,08;0,04;3550,15;0,01;2,00;0,00;0,01
102;SYR;Syria;0,03;7,33;50,00;0,65;0,00;0,00;0,11;110,81;18,88;14,40;9,36;9,61;0,00;185,00;0,25;0,04;0,03;0,87;0,11;0,02;0,99;0,16;0,04;0,33;0,09;0,01;0,03;0,08;0,00;0,85;0,20;1,00;5,83;6,67;33,46;0,22;0,20;0,91;0,17;0,37;78,00;;;7,29;0,01;-1,28;;0,00;1,00;0,00;0,00;0,05;0,00;0,00;0,00;0,90;0,05;1263,85;0,08;1,00;0,80;0,00
103;OAN;Taiwan;0,06;7,21;65,40;0,96;0,00;0,00;0,15;0,00;;;;;1,00;36,00;0,25;0,02;0,02;2,43;0,68;0,13;3,24;0,51;0,05;0,71;0,08;0,16;0,01;0,10;0,00;0,05;0,00;0,00;5,17;4,67;25,26;0,42;0,23;0,16;1,00;0,29;116,00;0,05;0,16;23,37;0,01;-1,09;;0,00;0,00;0,00;0,31;0,02;0,31;0,00;0,00;0,00;0,02;3617,48;0,02;3,00;0,99;0,00
104;THA;Thailand;0,05;6,83;52,70;0,83;0,00;0,00;0,03;4,56;18,90;10,20;4,94;5,51;0,00;513,00;0,18;0,05;0,03;3,20;0,23;0,02;3,45;0,13;0,02;1,00;0,03;0,07;0,02;0,03;0,00;0,44;0,00;1,00;3,94;3,78;13,77;0,66;0,17;0,92;0,50;0,13;75,00;0,02;0,16;23,56;-0,02;-0,67;0,24;0,00;0,00;0,00;0,95;0,00;0,00;0,00;0,00;0,04;0,01;13441,45;0,02;3,00;0,02;0,00
105;ARE;Unit'd Arab Emir;;;53,40;;0,00;0,00;;;;;;;;;;;0,10;;;;;;0,00;;;;;;;0,22;;;5,33;5,00;23,39;;;0,96;0,17;0,40;;;;;;;;1,00;0,00;0,00;0,00;0,01;0,00;0,01;0,00;0,96;0,01;;0,34;3,00;0,29;0,00
106;YEM;Yemen, NArab;;;37,40;0,08;0,00;0,00;;;;71,84;12,80;5,66;0,00;195,00;0,22;0,03;0,03;;0,04;0,01;;0,00;0,00;1,00;0,03;;;;0,39;0,52;0,60;0,00;5,44;4,78;15,23;0,02;0,06;1,00;0,17;0,03;131,00;;;;;;;0,00;0,00;0,00;0,00;0,00;0,00;0,00;0,00;1,00;0,00;;0,01;3,00;0,90;0,00
107;AUT;Austria;0,03;8,55;68,80;1,00;0,00;0,00;0,00;0,00;12,66;4,23;4,89;1,76;0,00;84,00;0,36;0,02;0,00;3,10;0,48;0,07;3,65;0,50;0,08;0,78;0,04;0,09;0,02;0,01;0,00;0,00;0,00;0,00;1,00;1,00;48,23;0,13;0,97;0,20;1,00;0,50;100,00;0,10;0,13;31,21;0,01;-0,73;0,56;0,00;0,00;0,00;0,00;0,85;0,00;0,00;0,00;0,00;0,06;3384,45;0,00;4,00;0,98;0,00
108;BEL;Belgium;0,03;8,62;69,70;1,00;0,00;0,00;0,00;0,00;11,60;3,25;5,11;2,72;1,00;31,00;0,42;0,01;0,00;5,81;1,40;0,14;7,36;0,69;0,09;0,78;0,03;0,04;0,05;0,04;0,00;0,00;0,00;0,00;1,00;1,00;50,84;0,55;1,00;0,24;1,00;0,66;100,00;0,06;0,17;63,48;0,00;-0,95;0,60;0,00;0,00;0,00;0,00;0,75;0,00;0,00;0,00;0,00;0,13;3525,74;0,00;5,00;0,34;0,00
109;CYP;Cyprus;0,05;7,62;68,80;1,00;0,00;0,00;0,03;3,02;15,03;10,83;5,90;4,12;0,00;9,00;0,33;0,03;0,01;3,58;0,66;0,05;4,29;0,47;0,01;1,00;0,03;0,09;0,01;0,02;0,00;0,12;0,00;1,00;2,11;2,83;35,08;0,35;0,87;0,84;0,33;0,36;92,00;0,06;0,26;32,71;0,00;-0,89;0,48;1,00;0,00;0,00;0,00;0,00;0,00;0,00;0,00;0,18;0,00;234,99;0,00;5,00;0,00;0,00
110;DNK;Denmark;0,02;8,82;72,20;1,00;0,00;0,00;0,00;0,00;11,94;6,50;7,79;2,35;0,00;43,00;0,36;0,01;0,00;7,70;1,20;0,48;9,38;0,65;0,10;0,78;0,05;0,07;0,03;0,03;0,00;0,00;0,00;0,00;1,00;1,00;55,72;0,05;1,00;0,46;1,00;0,74;112,00;0,07;0,19;82,74;0,01;-0,78;0,48;0,00;0,00;0,00;0,00;0,01;0,00;0,00;0,00;0,00;0,92;2092,14;0,01;4,00;0,00;0,00
111;FIN;Finland;0,03;8,59;68,50;0,97;0,00;0,00;0,00;0,00;15,38;6,26;8,37;4,13;0,00;338,00;0,28;0,02;0,00;7,08;0,24;0,13;7,45;0,74;0,07;0,78;0,04;0,05;0,04;0,02;0,00;0,00;0,00;0,00;1,83;1,94;60,21;0,16;0,97;0,33;1,00;0,38;126,00;0,12;0,25;63,98;0,01;-0,78;0,41;0,00;0,00;0,00;0,00;0,00;0,00;0,00;0,00;0,00;0,89;2024,07;0,00;4,00;0,00;0,00
112;FRA;France;0,03;8,70;70,40;1,00;0,00;0,00;0,00;0,00;16,00;12,33;7,13;3,30;0,00;552,00;0,29;0,01;0,01;3,46;0,53;0,06;4,06;0,46;0,08;0,80;0,03;0,05;0,02;0,06;0,00;0,00;0,00;0,00;1,00;1,86;48,86;0,26;0,91;0,25;1,00;0,62;98,00;0,08;0,18;35,28;0,01;-0,84;0,50;0,00;0,00;0,00;0,00;0,90;0,00;0,00;0,01;0,01;0,02;19740,06;0,00;4,00;1,00;0,00
113;DEU;Germany, West;0,03;8,80;69,40;1,00;0,00;0,00;0,00;0,00;10,32;4,63;4,03;1,76;1,00;249,00;0,30;0,01;0,00;7,17;0,39;0,06;7,62;0,53;0,06;0,80;0,04;0,06;0,02;0,05;0,00;0,08;0,00;0,00;1,00;1,64;48,16;0,03;0,89;0,11;1,00;0,77;109,00;0,08;0,21;67,10;0,04;-0,75;0,42;0,00;0,00;0,00;0,00;0,37;0,00;0,00;0,00;0,00;0,45;26175,46;0,00;5,00;0,95;0,00
114;GRC;Greece;0,04;7,63;68,80;1,00;0,00;0,00;0,01;3,59;20,22;5,84;11,54;7,61;0,00;132,00;0,29;0,01;0,01;3,83;0,49;0,10;4,41;0,37;0,04;0,80;0,07;0,04;0,01;0,04;0,00;0,20;0,20;1,00;1,94;2,22;38,06;0,10;0,83;0,65;0,50;0,43;116,00;0,07;0,23;33,70;0,02;-0,90;0,32;0,00;0,00;0,00;0,00;0,00;0,00;0,00;0,00;0,01;0,00;3384,93;0,02;4,00;0,00;0,00
115;HUN;Hungary;;;68,40;1,00;0,00;0,00;3,31;;;;;;;;;;;6,16;0,36;0,13;6,65;;;0,11;0,25;;;;;0,00;;;5,67;5,06;47,42;;0,12;0,32;;0,40;;;;;;;;0,00;0,00;0,00;0,00;0,68;0,00;0,00;0,00;0,00;0,25;;0,04;1,00;0,00;0,00
116;ISL;Iceland;0,03;8,55;;1,00;0,00;0,00;;0,00;34,86;23,35;28,28;17,47;0,00;103,00;;;0,01;4,84;0,72;0,12;5,68;0,61;0,07;0,82;0,05;;0,02;;0,00;0,00;0,00;0,00;1,00;1,00;63,89;0,05;1,00;0,96;1,00;0,80;64,00;;;48,56;0,06;-0,94;0,39;0,00;0,00;0,00;0,00;0,01;0,00;0,00;0,00;0,00;0,98;69,01;0,01;5,00;0,00;0,00
117;IRL;Ireland;0,03;8,05;69,70;1,00;0,00;0,00;0,00;0,00;15,00;8,62;9,39;5,69;1,00;70,00;0,35;0,01;0,01;4,88;1,44;0,13;6,45;0,35;0,08;0,64;0,04;0,07;0,03;0,01;0,00;0,00;0,00;0,00;1,00;1,22;54,61;0,04;0,97;0,59;0,83;0,46;119,00;0,07;0,19;51,93;0,00;-0,93;0,62;1,00;0,00;0,00;0,00;0,93;0,00;0,00;0,00;0,00;0,03;1118,86;0,01;5,00;0,00;0,74
118;ITA;Italy;0,03;8,45;69,40;1,00;0,00;0,00;0,00;0,00;15,93;6,66;10,19;6,06;1,00;301,00;0,29;0,01;0,00;3,65;0,85;0,07;4,56;0,34;0,07;0,80;0,02;0,06;0,03;0,03;0,00;0,04;0,00;0,00;1,22;1,56;45,42;0,04;0,97;0,17;0,83;0,59;92,00;0,06;0,19;38,52;-0,01;-0,88;0,66;0,00;0,00;0,00;0,00;1,00;0,00;0,00;0,00;0,00;0,00;20722,56;0,00;3,00;0,01;0,00
119;LUX;Luxembourg;0,02;9,02;;1,00;0,00;0,00;0,00;0,00;;;5,06;4,87;0,00;3,00;;;0,01;;;;;0,29;0,01;0,80;0,04;0,05;0,02;0,01;0,00;0,00;0,00;0,00;1,28;1,00;49,78;0,15;0,98;;1,00;0,62;91,00;;;;;-0,87;;0,00;0,00;0,00;0,00;0,97;0,00;0,00;0,01;0,00;0,02;131,57;0,00;5,00;0,00;0,00
120;MLT;Malta;0,05;7,20;;1,00;0,00;0,00;;0,00;16,12;19,34;2,98;3,10;0,00;0,50;;;0,00;4,30;0,73;0,09;5,11;0,21;0,02;0,47;0,06;;0,04;;0,00;0,00;0,00;0,00;1,56;2,39;35,89;0,08;;0,21;0,33;0,70;79,00;;;36,84;;-1,24;1,60;1,00;0,00;0,00;0,00;0,98;0,00;0,00;0,00;0,00;0,00;95,02;0,04;2,00;0,00;0,00
121;NLD;Netherlands;0,02;8,72;73,30;1,00;0,00;0,00;0,00;0,00;12,30;5,64;5,26;3,11;1,00;37,00;0,37;0,01;0,01;4,82;0,50;0,04;5,36;0,58;0,13;0,80;0,07;0,03;0,04;0,04;0,00;0,00;0,00;0,00;1,00;1,00;51,87;0,10;1,00;0,43;1,00;0,80;105,00;0,08;0,18;46,77;0,00;-1,04;0,61;0,00;0,00;0,00;0,00;0,36;0,00;0,00;0,00;0,00;0,27;4073,10;0,03;4,00;0,00;0,00
122;NOR;Norway;0,03;8,64;73,40;1,00;0,00;0,00;0,00;0,00;12,01;4,83;6,52;3,62;0,00;324,00;0,29;0,00;0,01;4,83;0,74;0,05;5,63;0,57;0,07;0,78;0,09;0,04;0,03;0,03;0,00;0,00;0,00;0,00;1,00;1,00;59,98;0,04;1,00;0,45;1,00;0,32;107,00;0,10;0,19;48,61;0,01;-0,93;0,53;0,00;0,00;0,00;0,00;0,02;0,00;0,00;0,00;0,00;0,90;1405,90;0,08;4,00;0,00;0,00
123;POL;Poland;;;67,30;1,00;0,00;0,00;3,17;;;;;;;;;;;5,97;0,65;0,12;6,74;0,39;0,07;0,11;;;;;;0,00;;;5,72;5,06;50,24;;0,22;0,33;;0,48;;;;;;;;0,00;0,00;0,00;0,00;0,95;0,00;0,00;0,00;0,00;0,02;;0,04;1,00;0,04;0,00
124;PRT;Portugal;0,04;7,53;63,70;1,00;0,00;0,00;0,00;6,78;18,96;9,59;12,20;8,53;0,00;92,00;0,30;0,01;0,01;1,62;0,28;0,03;1,94;0,20;0,04;0,78;0,09;0,05;0,01;0,06;0,00;0,28;0,00;0,00;2,22;2,39;38,82;0,01;0,39;0,36;1,00;0,22;92,00;0,06;0,17;14,60;;-0,97;0,69;0,00;0,00;0,00;0,00;0,97;0,00;0,00;0,00;0,00;0,01;3354,76;0,03;4,00;1,00;0,00
125;ESP;Spain;0,04;8,06;68,90;1,00;0,00;0,00;0,00;0,00;17,77;4,88;10,58;5,16;0,00;505,00;0,24;0,01;0,01;3,10;0,31;0,03;3,43;0,23;0,04;0,78;0,03;0,05;0,01;0,02;0,00;0,08;0,00;0,00;2,39;2,89;37,40;0,44;0,10;0,47;0,83;0,57;89,00;0,05;0,13;27,64;0,01;-0,97;0,60;0,00;0,00;0,00;0,00;0,99;0,00;0,00;0,00;0,00;0,00;11563,76;0,01;5,00;0,73;0,00
126;SWE;Sweden;0,02;8,92;73,20;0,96;0,00;0,00;0,00;0,00;11,48;4,06;7,18;3,49;0,00;450,00;0,27;0,01;0,00;5,12;2,23;0,23;7,58;0,55;0,09;0,78;0,05;0,08;0,04;0,04;0,00;0,00;0,00;0,00;1,06;1,00;59,28;0,08;1,00;0,25;1,00;0,73;142,00;0,05;0,19;67,64;0,00;-0,83;;0,00;0,00;0,00;0,00;0,02;0,00;0,00;0,00;0,00;0,95;3271,75;0,00;4,00;0,00;0,00
127;CHE;Switzerland;0,02;9,17;71,30;1,00;0,00;0,00;0,00;0,00;8,89;4,64;4,50;2,27;1,00;41,00;0,38;0,00;0,01;5,07;1,50;0,29;6,87;0,26;0,07;1,00;;0,01;0,03;0,03;0,00;0,00;0,00;0,00;1,00;1,00;47,41;0,50;1,00;0,10;1,00;0,51;127,00;0,05;0,24;62,98;0,01;-0,76;1,02;0,00;0,00;0,00;0,00;0,48;0,00;0,00;0,00;0,00;0,44;2505,13;0,03;5,00;0,84;0,00
128;TUR;Turkey;0,03;7,37;50,50;0,75;0,00;0,00;0,75;20,27;35,37;22,73;27,96;24,58;0,00;779,00;0,21;0,03;0,02;1,69;0,23;0,02;1,95;0,14;0,03;0,13;0,09;0,03;0,03;0,05;0,00;0,31;0,00;1,00;3,33;3,89;41,20;0,25;0,76;0,91;0,50;0,30;99,00;0,04;0,16;14,34;;-0,68;0,20;0,00;0,00;0,00;0,00;0,00;0,00;0,00;0,00;1,00;0,00;13963,57;0,02;3,00;0,01;0,00
129;GBR;United Kingdom;0,02;8,78;70,80;0,92;0,00;0,00;0,00;0,00;15,42;14,76;8,31;5,82;1,00;245,00;0,28;0,01;0,00;6,77;0,91;0,06;7,74;0,66;0,09;0,78;0,08;0,08;0,03;0,06;0,00;0,24;0,00;0,00;1,00;1,00;51,51;0,32;0,99;0,17;1,00;0,86;99,00;0,07;0,12;67,94;0,01;-0,77;0,37;0,00;0,00;0,00;0,00;0,15;0,00;0,00;0,01;0,00;0,84;24232,53;0,02;4,00;0,00;0,97
130;YUG;Yugoslavia;0,03;7,58;63,30;1,00;0,00;0,00;1,92;;;;;;;;;;0,01;3,88;0,31;0,05;4,24;0,34;0,09;0,00;0,18;0,09;;0,07;0,01;0,00;0,01;;5,89;5,22;43,77;;0,51;0,40;0,50;0,28;;;;32,14;;-0,79;;0,00;0,00;0,00;0,00;0,70;0,00;0,00;0,00;0,18;0,01;8358,19;0,03;1,00;0,00;0,00
131;AUS;Australia;0,02;8,97;70,70;1,00;0,00;0,00;0,00;0,00;13,52;8,07;7,36;4,33;0,00;7687,00;;;0,02;6,35;2,46;0,11;8,93;0,51;0,13;0,69;0,09;0,03;0,02;0,03;0,02;0,00;0,01;0,00;1,00;1,00;32,22;0,32;1,00;0,81;1,00;0,81;129,00;0,09;0,22;80,12;0,01;-0,90;0,50;1,00;0,00;0,00;0,00;0,26;0,00;0,00;0,00;0,00;0,50;4185,83;0,04;5,00;0,00;0,95
132;FJI;Fiji;0,02;7,63;59,20;0,85;0,00;0,00;;5,48;18,26;22,42;7,07;7,41;0,00;18,00;;;0,02;4,32;0,40;0,22;4,94;0,15;0,00;0,34;0,05;;0,01;;;0,00;;0,00;2,61;2,39;17,83;;;0,98;;0,30;93,00;;;37,65;;-1,29;0,28;1,00;0,00;0,00;0,00;0,09;0,00;0,38;0,00;0,08;0,43;108,98;0,04;5,00;0,00;0,01
133;NZL;New Zealand;0,01;8,98;71,00;1,00;0,00;0,00;0,00;0,00;14,99;14,62;9,31;5,85;0,00;269,00;0,15;0,02;0,01;7,25;2,26;0,10;9,61;0,73;0,13;0,20;0,07;0,07;0,03;0,02;0,00;0,00;0,00;0,00;1,00;1,00;36,89;0,37;1,00;0,89;1,00;0,76;101,00;;;86,31;0,02;-0,99;0,27;1,00;0,00;0,00;0,00;0,15;0,00;0,00;0,00;0,00;0,52;884,04;0,01;5,00;0,00;0,90
134;PNG;Papua New Guinea;0,01;7,00;41,00;0,32;0,00;0,00;;;;13,86;5,67;5,50;1,00;463,00;0,21;0,02;0,02;1,23;0,11;0,01;1,35;0,01;0,00;0,00;0,10;0,38;0,02;0,01;;0,00;;0,00;2,31;2,00;6,60;0,42;;0,97;0,67;0,03;105,00;0,03;0,13;9,46;-0,02;-0,62;;0,00;0,00;0,00;0,00;0,22;0,00;0,00;0,00;0,00;0,44;1036,61;0,19;5,00;0,00;0,01
;;;;;;;;;;;;;;;;;;;;;;;;;;;;;;;;;;;;;;;;;;;;;;;;;;;;;;;;;;;;;;;;
;;;;;;;;;;;;;;;;;;;;;;;;;;;;;;;;;;;;;;;;;;;;;;;;;;;;;;;;;;;;;;;;
;;;;;;;;;;;;;;;;;;;;;;;;;;;;;;;;;;;;;;;;;;;;;;;;;;;;;;;;;;;;;;;;
;;;;;;;;;;;;;;;;;;;;;;;;;;;;;;;;;;;;;;;;;;;;;;;;;;;;;;;;;;;;;;;;
;;;;;;;;;;;;;;;;;;;;;;;;;;;;;;;;;;;;;;;;;;;;;;;;;;;;;;;;;;;;;;;;
;;;;;;;;;;;;;;;;;;;;;;;;;;;;;;;;;;;;;;;;;;;;;;;;;;;;;;;;;;;;;;;;
